{
    "num_inputs": 245,
    "num_outputs": 48,
    "num_layers": 2,
    "layer_space": "log",
    "epoch_size": 8464,
    "epochs": 10,
    "pct_avg": [
        -0.3022647643726587,
        -0.44433981159362773,
        0.01729510077048308,
        0.03655909120563195,
        0.31243960701647083,
        0.9028080399659377,
        0.769072335508939,
        0.6511409830558458,
        0.4490118430819286,
        0.24470218851547915,
        -0.09656657107314051,
        -0.376132363930593,
        -0.7051971392202786,
        -0.9905647882483712,
        -0.8267562188884804,
        -0.6731762793584324,
        -0.3956991219104627,
        0.07426042665963192,
        0.06277835008354365,
        0.18284073765947553,
        -0.028987879956293396,
        -0.19106621001173404,
        -0.4595746229015702,
        -0.6569527341812543,
        -0.7282153611687233,
        -0.4089639476962967,
        -0.41618186302243027,
        -0.7197646635960487,
        -0.398720924805407,
        -0.10833367936763949,
        -0.5753287561374244,
        -0.8586756105434444,
        -0.6435771161976566,
        -0.6034678380875478,
        -0.8515402658962347,
        -1.0911777245795062,
        -1.3227905920275727,
        -1.481599347197009,
        -1.4337179925714172,
        -1.072615015433323,
        -0.8487001932621693,
        -0.6427648388399915,
        -0.5426277409000655,
        -0.4301682785457541,
        -0.6589704432300532,
        -0.5580388363623927,
        -0.4977150379183702,
        -0.6336716684964727
    ],
    "pct_std": [
        7.0082680563962425,
        7.191558980270198,
        7.405762425007476,
        7.536629232154471,
        7.747328323581704,
        7.883812730203069,
        7.909910495016395,
        7.85282236606577,
        7.8274036482007086,
        7.774387735613473,
        7.682950544535497,
        7.708875561338464,
        7.809331218941037,
        7.864167065269564,
        8.009431981889058,
        8.154260056158279,
        8.252992628594576,
        8.279444712145857,
        8.347623600885905,
        8.393915984797593,
        8.401897884690866,
        8.438433716517558,
        8.411250800593445,
        8.435993353860336,
        8.533307730118743,
        8.817172621543648,
        8.965364278412428,
        9.090679391061668,
        9.175286515320701,
        9.307557512246218,
        9.260654304428535,
        9.14754158419507,
        9.153825818885592,
        9.14901175875077,
        9.05042108717614,
        9.02997217923583,
        9.126564988908983,
        9.161127317962483,
        9.256757429164335,
        9.424961227370524,
        9.590374723513165,
        9.634859040109225,
        9.71804826124194,
        9.801677624776703,
        9.867903939244325,
        10.030866822563167,
        10.070613278078133,
        10.120363611218144
    ]
}