{
    "num_inputs": 245,
    "num_outputs": 48,
    "num_layers": 3,
    "layer_space": "linear",
    "epoch_size": 1692,
    "epochs": 20,
    "pct_avg": [
        0.7245911527884635,
        0.4825165023456345,
        0.5102472761459562,
        0.6491596942563973,
        0.6136236598093344,
        0.45403876358742284,
        0.380862682453413,
        0.32138329996159154,
        -0.0959237513665501,
        -0.25088138001530497,
        -0.4795827969911393,
        -0.8446925443535667,
        -0.9007000795170496,
        -0.9207109117771396,
        -0.9752956771240908,
        -0.43339334245749245,
        -0.1285428943232641,
        0.29778324262613437,
        0.434446710985508,
        0.7366308109995421,
        0.6680037052415959,
        0.7871672235262013,
        0.6979817830922985,
        0.5574304142210136,
        0.5220191044865686,
        0.7355697959589049,
        0.8967533846811915,
        0.9599826327852902,
        0.9071156640894525,
        1.182951554425256,
        1.097601940436339,
        -100.0,
        0.509494305642201,
        0.1353941413246491,
        -0.29701858532989955,
        -0.7596920640364415,
        -0.653095082206129,
        -0.5529941438199839,
        -0.20005463301015725,
        0.1658135828899693,
        0.6277989538028039,
        1.0996569599350443,
        1.4983394292617558,
        1.4769037215909002,
        1.4494754327749069,
        1.4270293689852136,
        1.6193692973422906,
        1.3893953223594924
    ],
    "pct_std": [
        4.863704767629562,
        5.046701126443487,
        5.2872147217914565,
        5.558283517895559,
        5.726109443819244,
        5.79776116619912,
        5.838402257651647,
        5.897999596610425,
        5.934221362718464,
        5.9490684766066035,
        5.939999722283048,
        5.969945716344035,
        6.003993689499439,
        6.0668556748311575,
        6.1632099476015,
        6.301637761160111,
        6.381133987009238,
        6.4558116795023395,
        6.49445364074876,
        6.534919211582221,
        6.536840089746129,
        6.516991991603609,
        6.489195698916566,
        6.514220576212767,
        6.6040704680928775,
        6.726938066541289,
        6.837152751008121,
        6.96508019647859,
        7.0473429950585995,
        7.067271382304868,
        7.057488190645386,
        0.0,
        7.062470731346243,
        7.033051036199261,
        6.934530532053662,
        6.849102282132431,
        6.819086093426722,
        6.783243463045451,
        6.840104511926467,
        6.973182482056022,
        7.126224988318361,
        7.265976573261858,
        7.395792021144652,
        7.525477870850042,
        7.657971242412011,
        7.813167792753411,
        8.034667347986938,
        8.259411678395988
    ]
}
