{
    "num_inputs": 245,
    "num_outputs": 48,
    "num_layers": 3,
    "layer_space": "log",
    "epoch_size": 1692,
    "epochs": 10,
    "pct_avg": [
        0.3187053745383624,
        0.24841236962516713,
        0.19754802620261908,
        -0.03847686393099441,
        -0.28843691217329254,
        -0.07082854637078043,
        0.09572384710369693,
        -0.17942575927797683,
        -0.10452506435526979,
        0.29864237105411234,
        0.11162756069272539,
        -0.13215730749269902,
        -0.501173521361845,
        -0.43803504188826176,
        -0.35426288647766946,
        -0.25005645807776916,
        0.23292846714977342,
        0.24317937667563158,
        0.24919724426326884,
        0.3450580140720943,
        -0.009695426075838136,
        0.010652169164428677,
        0.2381716612016196,
        0.27190354841634984,
        -0.19297342643968157,
        -0.12468094386999307,
        -0.5256215503468089,
        -0.501476662531647,
        -0.5970444648076951,
        -0.4936208322077785,
        -0.5165465157808942,
        -0.7108868128800785,
        -0.5617941576564769,
        -0.5455862093217144,
        -0.665045176190843,
        -0.8701275591961324,
        -1.1994549303987043,
        -1.2657764282692676,
        -1.0424297011198111,
        -0.5089473503736534,
        -0.029729287173462987,
        0.17914215273238707,
        0.1190202203089258,
        0.23876338505733194,
        0.07916282813552708,
        -0.13377250195213233,
        -0.07597007054017872,
        -0.4344470580529511
    ],
    "pct_std": [
        6.422130308295053,
        6.618336318908489,
        6.671294516075742,
        6.693038739263481,
        6.73683647583636,
        6.833895503120101,
        6.9192728879861605,
        6.9505372198120785,
        7.028924430158107,
        7.085633775709853,
        7.072893799452793,
        7.145515537820404,
        7.26029503675567,
        7.383305888161827,
        7.489759238308905,
        7.52136498252517,
        7.57375329401501,
        7.584850182187696,
        7.634915977585792,
        7.679026961407033,
        7.637327876299497,
        7.573801767546113,
        7.539506569595068,
        7.563735018667883,
        7.636830182036825,
        7.815062412784511,
        7.855692004994744,
        7.879951095377594,
        7.90323676549707,
        7.966990753825488,
        7.98919239393496,
        8.023091110463618,
        8.09384197299862,
        8.10625706438391,
        8.087857369414778,
        8.10938053445434,
        8.198258388051395,
        8.2979938415895,
        8.399062711932821,
        8.47762436204853,
        8.559851362342567,
        8.642794647244514,
        8.736680872646385,
        8.878396443661362,
        9.005263178023013,
        9.058658257467734,
        9.198120810213055,
        9.351635356828083
    ]
}