{
    "num_inputs": 245,
    "num_outputs": 48,
    "num_layers": 5,
    "layer_space": "linear",
    "epoch_size": 8464,
    "epochs": 10,
    "pct_avg": [
        0.5169116286423666,
        0.3632276022646614,
        0.09646480503727525,
        0.33204722676192366,
        0.044432204280676804,
        -0.5805116286680277,
        -0.8473561276593897,
        -0.8849858969882309,
        -0.7808946406238276,
        -0.3881192156516671,
        -0.26473820886576915,
        -0.09418472666239519,
        -0.7614379675551682,
        -0.35815847835073916,
        -0.7240427521782402,
        -0.9699783855218426,
        -0.9489348931830413,
        -1.071976363300114,
        -1.1051014722304362,
        -0.49958337811185805,
        -1.0648006047731466,
        -1.2770428081866498,
        -100.0,
        0.5431395251152324,
        0.3301372118748824,
        0.14014395382945188,
        -0.22623569445744904,
        -0.5252917635007781,
        -0.551112708015978,
        -0.5048031495256318,
        -0.14165850423736887,
        -0.5298338486971889,
        -0.30655289477057035,
        -0.23840711172494547,
        -0.19330405121584343,
        -100.0,
        -0.5286214964739318,
        -0.9455159597463366,
        -0.5115965543549891,
        -0.6991472541735169,
        -1.0107334858102133,
        -0.6912792277417633,
        -0.36180713590648156,
        -0.17246004912887392,
        0.022594407790424407,
        0.22940804202943108,
        0.1207974279340167,
        -100.0
    ],
    "pct_std": [
        5.4560475988696,
        5.443646711865416,
        5.509468937270074,
        5.590310924387451,
        5.641076678169765,
        5.677103713507312,
        5.737823565847288,
        5.818015726206389,
        5.935047089685874,
        5.984263926056492,
        6.036397181238683,
        6.123213054747702,
        6.196414124011698,
        6.21154047534611,
        6.127227534069376,
        6.062114940832545,
        6.027517694677708,
        6.025500342753286,
        6.0069763899696005,
        6.073340962497322,
        6.011918848897048,
        6.008098918017349,
        0.0,
        6.206521947927456,
        6.314152351648451,
        6.404101154987747,
        6.400557340172292,
        6.43436850427269,
        6.489989708777588,
        6.518797286977491,
        6.642396134195667,
        6.697834102186162,
        6.7357103803886,
        6.812360301526984,
        6.782326895766143,
        0.0,
        6.844996586689494,
        6.762378497203198,
        6.711526172072692,
        6.628784333895499,
        6.571725599691204,
        6.5969898978148125,
        6.622116603912173,
        6.679335718416422,
        6.792096213693064,
        6.920597603280796,
        7.149448628003393,
        0.0
    ]
}