{
    "num_inputs": 245,
    "num_outputs": 48,
    "num_layers": 3,
    "layer_space": "linear",
    "epoch_size": 1692,
    "epochs": 10,
    "pct_avg": [
        -1.3672738071117445,
        -1.2640465604549023,
        -1.1782482306010909,
        -1.4339053774725985,
        -1.4972163325272256,
        -1.5557061139246955,
        -1.4790693972764961,
        -1.560521195076651,
        -1.2843757850055868,
        -1.1753303674054094,
        -1.0743547065510228,
        -1.0481487951281554,
        -1.096034546876746,
        -1.1158423177061878,
        -1.1505114671973091,
        -0.9935213073170267,
        -1.3678163340193121,
        -1.2287562686742224,
        -1.1436593654156877,
        -1.1282855943540309,
        -1.2188606417108951,
        -1.0124292073503132,
        -0.9652177625616192,
        -1.235824850622385,
        -1.4548889844070005,
        -1.5834544566690512,
        -1.4467116323876013,
        -1.7118484122047752,
        -2.1386547956312905,
        -2.032620046881687,
        -1.9792293347888195,
        -2.1753093420007863,
        -2.2810570889596775,
        -2.2533498473406235,
        -2.134425423286979,
        -2.028923621967422,
        -1.912812990386735,
        -1.7736418113892138,
        -1.7363846199226594,
        -1.8411833100261794,
        -1.825835525356649,
        -1.962141886208189,
        -2.0876709075124915,
        -1.7931828626142556,
        -1.7538717828895256,
        -1.9692213581402618,
        -1.6847904301640557,
        -1.979784165860036
    ],
    "pct_std": [
        6.144085072585356,
        6.2944352768262135,
        6.362261345481899,
        6.389280274831562,
        6.504587746333295,
        6.638035703271651,
        6.743175993567174,
        6.773582149657811,
        6.830632295815206,
        6.843902686409081,
        6.898848261531834,
        6.98991607527517,
        7.127462180184184,
        7.223794797570424,
        7.260630588823144,
        7.283831179223903,
        7.255927409722041,
        7.301688175702734,
        7.329226601321989,
        7.306563503476537,
        7.281153746419883,
        7.261358614177486,
        7.277686592363639,
        7.204709495873824,
        7.298789981666384,
        7.391306236906906,
        7.406209015177679,
        7.391321450402119,
        7.43560732754397,
        7.558010240577295,
        7.633931445439709,
        7.63487277456518,
        7.627700832832215,
        7.604584624066284,
        7.603950482742821,
        7.630083285779332,
        7.719804492406177,
        7.808938892695134,
        7.839978431638135,
        7.838866680299206,
        7.857002510418366,
        7.93410759875499,
        8.028970025985998,
        8.181748544799474,
        8.34038886253035,
        8.50472340266464,
        8.67250273252269,
        8.836009532245006
    ]
}