{
    "num_inputs": 245,
    "num_outputs": 48,
    "num_layers": 2,
    "layer_space": "linear",
    "epoch_size": 1692,
    "epochs": 10,
    "pct_avg": [
        -1.97275872458552,
        -1.65152774556069,
        -1.9184610344840454,
        -1.8884597823467821,
        -1.8177912520041675,
        -1.6510299307913967,
        -1.3585920848764652,
        -1.4852024166910445,
        -1.3525189878406696,
        -1.4989681905855208,
        -1.720628039543567,
        -1.95783182990133,
        -1.9695262159548863,
        -1.9412063700682296,
        -2.035951497074543,
        -2.0175814482837375,
        -1.8670421460638766,
        -1.837393645928267,
        -1.6603430918771178,
        -1.7817943727076135,
        -1.6984272200345412,
        -1.6265348922023437,
        -1.7702778705312017,
        -1.936059917094713,
        -1.9245058247240576,
        -1.8610264196795572,
        -1.877666362341473,
        -2.197802379622933,
        -2.241311416488632,
        -2.187878440749138,
        -2.288547610919866,
        -2.2106780170302573,
        -2.0175668359508974,
        -1.8784036055931541,
        -1.9464855096791964,
        -2.0547215581647795,
        -2.195488092711539,
        -2.1690423348901615,
        -2.005913582881363,
        -2.1291476150559245,
        -1.974842708448879,
        -1.971530173544059,
        -1.9024427586442945,
        -1.9316922792689093,
        -1.8069513750066488,
        -1.9114447974179034,
        -2.0098850939268966,
        -2.0498567699621533
    ],
    "pct_std": [
        7.6754527211048185,
        7.8501634832957725,
        7.929869164872413,
        8.025418936956527,
        8.151222750784559,
        8.327135011214569,
        8.510094494950216,
        8.623760112592983,
        8.723083052630098,
        8.694138178350448,
        8.690905644832736,
        8.78719627916808,
        8.956772866005831,
        9.16772370449099,
        9.299410545547945,
        9.453144058099465,
        9.571611476082206,
        9.69138272636269,
        9.7341015031606,
        9.75396513730705,
        9.73562293433436,
        9.777275622284888,
        9.825049017126574,
        9.956565884915861,
        10.149720288185158,
        10.303800071312512,
        10.40118307514254,
        10.430864347804093,
        10.53047400428658,
        10.673848679341862,
        10.777872787693756,
        10.859509561730183,
        10.931035271652663,
        10.947542427562636,
        10.935245083793713,
        11.031071274873671,
        11.173641956500024,
        11.326987444181752,
        11.505606047166179,
        11.610861331241177,
        11.73430159476782,
        11.834342059598672,
        11.906246632247795,
        11.955308194728383,
        11.999337394142902,
        12.039848073175964,
        12.113394709219927,
        12.216156383279412
    ]
}