{
    "num_inputs": 245,
    "num_outputs": 48,
    "num_layers": 5,
    "layer_space": "log",
    "epoch_size": 33859,
    "epochs": 10,
    "pct_avg": [
        489.7036168431548,
        486.78579690921094,
        471.5172099357565,
        464.53075084246075,
        451.2327987123719,
        461.64034339369283,
        -100.0,
        468.791879594073,
        492.6122292627903,
        499.954474666568,
        548.7623323403973,
        559.3165900941761,
        617.0916182856819,
        600.2210311271156,
        678.4082877093754,
        668.582486982948,
        713.5076408998515,
        722.8827160899607,
        752.5455929955965,
        759.0614526333302,
        780.5318409461822,
        766.1348269792336,
        -100.0,
        777.2236339196527,
        780.4446555410184,
        770.9844032042744,
        740.5427209113263,
        733.991463825245,
        692.617261467838,
        692.7482460409052,
        -100.0,
        666.5397459009824,
        618.0686112340693,
        624.5172448683436,
        591.8404416055928,
        599.039945853407,
        580.3838593868443,
        573.817147286116,
        560.3968119720793,
        558.1337513390733,
        555.88107822902,
        561.685523550617,
        540.3326543851647,
        530.2560048565971,
        531.2161840811331,
        528.7717200104718,
        519.8129843306123,
        523.8732115095733
    ],
    "pct_std": [
        143.61579808194003,
        139.88937114902765,
        133.76952809405824,
        130.83052747317885,
        129.68256374146026,
        139.8512085387518,
        0.0,
        174.99566715421955,
        213.9031632910711,
        228.77010866754776,
        278.69772012544877,
        291.91691509186865,
        336.2987737047754,
        322.9038590353783,
        362.01541322160955,
        350.43721739424484,
        364.4000877940309,
        348.4051467845194,
        350.17267553554854,
        330.40175988368446,
        316.29129449487164,
        297.17585192509847,
        0.0,
        276.55603422602456,
        267.2067320845388,
        261.1232798959504,
        249.37961801609464,
        253.0367846507906,
        251.89970688617007,
        269.9127130474959,
        0.0,
        307.6147604384243,
        312.9957490940643,
        332.9667412497042,
        331.39445194191603,
        338.7837174225115,
        326.2068266447465,
        316.414689230918,
        291.32311023287906,
        276.76033554401187,
        252.37728553982632,
        244.0993480559625,
        216.10248523639933,
        200.2327218024777,
        192.64232690349237,
        188.64970208496058,
        183.15877049399654,
        182.7597265662811
    ]
}