{
    "num_inputs": 245,
    "num_outputs": 48,
    "num_layers": 2,
    "layer_space": "linear",
    "epoch_size": 16929,
    "epochs": 10,
    "pct_avg": [
        -1.8040897064778387,
        -2.065799241322795,
        -2.2663583914026986,
        -2.3545188344825103,
        -1.984433513406153,
        -2.0777475599238744,
        -2.14481458761272,
        -1.5405483574497318,
        -1.8245869791479257,
        -2.178282679805243,
        -1.8641575249221185,
        -1.9295028861922991,
        -2.252151119822768,
        -1.6227866405149787,
        -2.039438712397698,
        -1.5056913270030334,
        -1.3707327904866462,
        -1.4272548585043991,
        -1.4355983061253326,
        -1.212484432256623,
        -1.4705228464274724,
        -1.355183014276156,
        -0.5287063685965169,
        -0.8989237215907467,
        -1.4833255999609751,
        -1.0631566142668927,
        -1.2107489553814235,
        -1.9874965604176091,
        -1.5049200752970404,
        -1.1137513702078408,
        -0.7052847169072777,
        -0.8727079079409433,
        -1.1804555485032813,
        -1.2444583318907498,
        -1.4364996442389892,
        -1.5395310037837835,
        -1.122060487274539,
        -1.2698523597055122,
        -1.2749078508712797,
        -0.782603266178059,
        -0.044776920606507044,
        -0.2416355988963024,
        -0.2696122023525602,
        -0.2528220221548885,
        -0.2384957893995701,
        -0.04521658353003539,
        -0.2530110642143694,
        -0.36366288494764587
    ],
    "pct_std": [
        7.053765718753693,
        7.136711454511193,
        7.22526006530459,
        7.255668223883656,
        7.3773438839165015,
        7.453704771047924,
        7.483816019604615,
        7.52450289816656,
        7.502445016993463,
        7.513177107998176,
        7.568149372340392,
        7.627210338405214,
        7.6693520639824175,
        7.824616155329776,
        7.842779461087508,
        7.890927146127011,
        7.979862880253656,
        7.971242330421422,
        8.0396807843,
        8.11114205673058,
        8.143070715467047,
        8.181412787257699,
        8.321309316760924,
        8.45736054394286,
        8.537665111567035,
        8.722002774731536,
        8.768890648517061,
        8.715572937292498,
        8.784121475038406,
        8.84931021820646,
        8.890392877553131,
        8.852782602694896,
        8.84879254438879,
        8.850155488658023,
        8.849589707120462,
        8.928615479554296,
        9.118072294869574,
        9.166253556541198,
        9.194329190428306,
        9.298994684333417,
        9.35934688794383,
        9.369565926437536,
        9.451925299389325,
        9.524793666473993,
        9.649176231549122,
        9.796405823857954,
        9.960441286452511,
        10.078547453048147
    ]
}