{
    "num_inputs": 245,
    "num_outputs": 48,
    "num_layers": 5,
    "layer_space": "linear",
    "epoch_size": 33859,
    "epochs": 10,
    "pct_avg": [
        1709.710227524698,
        1738.923621331399,
        1709.1587181569969,
        1734.7354834752618,
        1800.3776782647901,
        1785.4157632772074,
        1874.1970935821646,
        1882.465131212477,
        2006.7756848173904,
        2038.2667992979455,
        2210.343105361772,
        2202.816596392448,
        2482.540488548146,
        2457.119873861848,
        2661.402832363297,
        2679.5464207472155,
        -100.0,
        2870.0100403390784,
        -100.0,
        3056.636924831228,
        3204.2493204397515,
        3204.5577972454807,
        3343.934269181284,
        3348.5973529074768,
        3504.781372284088,
        3497.088537325201,
        3582.464340714176,
        3586.9775560788385,
        3601.971588837718,
        3602.3646933734576,
        3593.148296373189,
        3583.798367707809,
        3422.5109169731527,
        3439.7701416182863,
        3207.254535367006,
        3205.353844766355,
        2961.950186462105,
        2966.758813516148,
        2729.7127822330435,
        2725.6281919999037,
        2507.4624309838155,
        2504.770940770906,
        2227.6281699882193,
        2229.645839300049,
        1989.3553214858682,
        1996.7270060622168,
        1862.3272661625342,
        1844.134008364317
    ],
    "pct_std": [
        275.0225944165762,
        267.4729484837252,
        279.92194202897286,
        296.37116347392396,
        349.26183890655494,
        388.0824073820955,
        462.2768117042507,
        513.3530556218994,
        599.9445035019114,
        648.9377847231498,
        747.5903200357908,
        772.1549275782048,
        900.5398452278624,
        898.1482323246669,
        963.1349353391255,
        958.5509091578872,
        0.0,
        940.3535696621663,
        0.0,
        867.9607423927597,
        825.3920540190619,
        751.3571674893553,
        701.6207710598641,
        641.5725246844589,
        623.3807591774151,
        614.5340237067207,
        655.6463217653203,
        726.2245326950432,
        794.1534181122406,
        892.2645691884074,
        957.8648573482772,
        1029.7572314408535,
        1007.1771748843681,
        1046.2179461387545,
        971.5123804511061,
        975.581486678799,
        877.5379226414293,
        868.2626591800838,
        759.5561378383609,
        745.6398774561935,
        653.5352402078673,
        627.3556412404761,
        530.1590781726438,
        498.36773087342203,
        434.74076086019204,
        403.4078174237594,
        372.3374139782302,
        341.3559531221208
    ]
}