{
    "num_inputs": 245,
    "num_outputs": 48,
    "num_layers": 2,
    "layer_space": "log",
    "epoch_size": 1692,
    "epochs": 10,
    "pct_avg": [
        -2.120377908492409,
        -2.068291295513101,
        -1.9118679583137015,
        -1.7570272480657567,
        -1.6941380565328876,
        -1.5047373914941824,
        -1.4059524235955327,
        -1.4164366013667529,
        -1.4420772180263932,
        -1.595308786042236,
        -1.686542324801702,
        -2.0400605452271408,
        -1.9740276993304378,
        -2.166751666685616,
        -2.067561777975035,
        -2.0522770313689214,
        -1.9838014657397738,
        -1.9985671498702662,
        -1.8618023459227648,
        -2.1767746518752125,
        -2.3060643453097307,
        -2.5229308326165256,
        -2.6489317965637023,
        -2.495125691328651,
        -2.3575393015158346,
        -2.319091919868563,
        -2.148352440569871,
        -2.0728370056911185,
        -1.9001772956368363,
        -1.914158898766805,
        -1.8590292635333592,
        -1.803612896073971,
        -1.6682952250577014,
        -1.8722157184998087,
        -1.9928947912712776,
        -2.1966320334586755,
        -2.2373927930708604,
        -2.1832452570705443,
        -2.2016122700986913,
        -2.2922683608700036,
        -2.1974510648962218,
        -2.1503184936367816,
        -2.2182852946584033,
        -2.329118956242141,
        -2.694284339496551,
        -2.7768357557877748,
        -2.8154848845977813,
        -2.7266746767113292
    ],
    "pct_std": [
        7.855871246141443,
        8.043541284385162,
        8.160200332232906,
        8.26581359548629,
        8.408211677722061,
        8.611366205224185,
        8.769904194992721,
        8.876859096770806,
        8.907364487883461,
        8.861395608786104,
        8.78503229398626,
        8.80290588478329,
        8.951228251585649,
        9.092493840663414,
        9.214494061069754,
        9.328921992042353,
        9.439637045515434,
        9.540426208880932,
        9.609494431154394,
        9.605377881282372,
        9.644561063540296,
        9.690573535875751,
        9.801686890796129,
        9.988119363278013,
        10.22058589852967,
        10.464792085093858,
        10.631407739480196,
        10.738401972768958,
        10.87870904915907,
        11.034582156334075,
        11.149351553472394,
        11.179079756001405,
        11.177440890367178,
        11.127013508285861,
        11.06939144881357,
        11.049879239074478,
        11.130813021837751,
        11.274086955060337,
        11.394302475065487,
        11.498408118420997,
        11.610862705222338,
        11.694696808747844,
        11.793971513202514,
        11.819961409854358,
        11.849846202750355,
        11.908138416606738,
        12.028324839471292,
        12.207325765656304
    ]
}