{
    "num_inputs": 245,
    "num_outputs": 48,
    "num_layers": 3,
    "layer_space": "linear",
    "epoch_size": 16929,
    "epochs": 10,
    "pct_avg": [
        0.642281953333154,
        0.28353321152322264,
        0.33102260562383207,
        0.38826066621840605,
        0.5554309896155868,
        0.2056908228805519,
        0.20850744096286689,
        0.5767717122657229,
        0.10125509920490869,
        0.4614787986470431,
        0.2995493481702146,
        0.4454575507924289,
        0.1316789444704943,
        0.20304710451966904,
        0.7628269672449294,
        0.9972598368089359,
        1.1342086307513017,
        1.0257540246379107,
        0.6587886725891449,
        0.6113086223068164,
        1.0281759797194916,
        0.637461200288004,
        0.9074624799774923,
        1.1684125065013145,
        1.1986664427943254,
        2.1574905146426056,
        2.362727030272127,
        2.371985277325965,
        1.9918648073746354,
        1.502470343124775,
        0.9775892089182261,
        0.6389413630127233,
        1.1779688554178316,
        1.9249489528951078,
        1.887140846064905,
        2.2162749770261567,
        1.800418356504501,
        2.1154960629750135,
        2.222479210315302,
        2.5982556495107363,
        2.5029624713963727,
        2.1382840374128067,
        1.2317761094465656,
        1.2359275477616711,
        0.8273065819813272,
        0.7621207847262998,
        0.7315179293533415,
        1.3576830863757998
    ],
    "pct_std": [
        6.064642103792002,
        6.0908382559017396,
        6.157362353428628,
        6.161792564148588,
        6.251178006257654,
        6.357262142512963,
        6.399178756354293,
        6.483759585343669,
        6.662381871100768,
        6.750894629300185,
        6.8388712926139785,
        6.942583766787609,
        7.0636031970124575,
        7.2022747496646735,
        7.073232503200475,
        7.137821510229494,
        7.09107540407755,
        7.1041122445844636,
        7.134236600432907,
        7.124474708287623,
        7.1035998612718645,
        7.157165617577726,
        7.161461049723364,
        7.191346831795864,
        7.233375522311056,
        7.2862266535473905,
        7.339016398620198,
        7.409616152996829,
        7.479730118874628,
        7.535790728527266,
        7.725324456641303,
        7.873859923435044,
        8.060741112426733,
        7.931312184957047,
        7.846063829052469,
        7.8004653800019,
        7.8461009283576635,
        7.8444059460330395,
        7.8854303489117346,
        7.891735742733569,
        7.9589907897952585,
        7.955293928423807,
        7.967435364844116,
        7.924648979721899,
        8.020027937374891,
        8.130524197657493,
        8.152550832482095,
        8.232292474034926
    ]
}