{
    "num_inputs": 245,
    "num_outputs": 48,
    "num_layers": 2,
    "layer_space": "linear",
    "epoch_size": 8464,
    "epochs": 10,
    "pct_avg": [
        -0.6029257843416121,
        -0.14791288395623944,
        0.21811922872568373,
        0.5019796888257729,
        0.7078818723062194,
        0.6663688375727743,
        0.8461999000325197,
        0.7455546750726728,
        1.1256092611067463,
        0.8537825933614382,
        0.7985842795638574,
        0.3666898510701517,
        0.21727354570395796,
        0.1426524599034306,
        0.22135972406793353,
        0.21394563455069301,
        0.40710287814502866,
        0.15879204361334193,
        -0.42902956294542693,
        -0.8482104634381067,
        -1.0412265372355167,
        -1.5094695675901122,
        -1.6267691842830452,
        -1.619455678088169,
        -0.8099112803873866,
        -0.9437789186830314,
        -0.5214189476860661,
        -0.5261319321025011,
        -0.2483948309381913,
        0.039987029472990085,
        0.10123198335826862,
        0.4408182390929681,
        0.759840145506602,
        0.3404667003010281,
        0.261835057099755,
        0.08180922858840285,
        -0.2910934666659717,
        -0.15769917407794729,
        -0.046338923827983665,
        0.15030395455191434,
        0.7306725324857282,
        1.0442442523122812,
        0.5026269938531278,
        0.058127952973573274,
        -0.6100279333291071,
        -0.7927584770331589,
        -0.9435961287542369,
        -0.8991802556796906
    ],
    "pct_std": [
        6.6347883501447225,
        6.8437282887342334,
        7.104776300364223,
        7.321041962949014,
        7.505853838745713,
        7.667454405500892,
        7.857393777102176,
        7.882533322549154,
        7.902243257059482,
        7.782347071976703,
        7.882751079545774,
        7.876727882527545,
        7.939063779631737,
        8.02090279696798,
        8.08502106119943,
        8.071130720067616,
        8.09361297789668,
        8.104088285519596,
        8.091298321695183,
        8.116900448763852,
        8.128853592721976,
        8.119978469517315,
        8.138257300495738,
        8.224388408546865,
        8.431384558460483,
        8.60162715683164,
        8.773305241242353,
        8.893680163673768,
        9.042750257797586,
        9.169414224108145,
        9.160195957783676,
        9.215005184118363,
        9.245804993714696,
        9.152546814671732,
        9.189563315710153,
        9.299255324229986,
        9.321172182366507,
        9.426321528708169,
        9.533804160674649,
        9.554694114291758,
        9.603680629674734,
        9.560346284746492,
        9.518364161482127,
        9.476858166712457,
        9.502300760873686,
        9.557397362169922,
        9.683461855348298,
        9.822034775149433
    ]
}