{
    "num_inputs": 245,
    "num_outputs": 48,
    "num_layers": 3,
    "layer_space": "linear",
    "epoch_size": 8464,
    "epochs": 20,
    "pct_avg": [
        -1.4246133068632987,
        -1.4750462247105163,
        -1.0917879019009964,
        -1.1905146941820801,
        -1.5899870211607379,
        -1.867354270884615,
        -2.0328628826694928,
        -1.7764143294454056,
        -1.7828607414917244,
        -1.684512539637029,
        -2.0064610028074235,
        -2.0635402795340934,
        -1.7740949961605121,
        -1.8030155771227423,
        -2.0077180679783955,
        -2.1246900691830644,
        -2.5273441176879174,
        -2.8258537196524918,
        -2.6066302481369488,
        -2.193822589852994,
        -2.0488078485424532,
        -1.126267545299416,
        -0.9702314379533974,
        -1.4084894328739956,
        -1.322514135572676,
        -1.139596246789172,
        -1.123674586949085,
        -1.4696712499634117,
        -1.986371644127814,
        -2.5551257687397726,
        -2.632451625542397,
        -2.8548301508901313,
        -2.8983164732046003,
        -2.4391168145303643,
        -2.818745275338809,
        -2.519381767191053,
        -2.4186126151775578,
        -2.6966727865638043,
        -2.7963297387281276,
        -3.2539055442372855,
        -3.7793173709453995,
        -3.8949849664884164,
        -3.9695943818239843,
        -3.9246964221867944,
        -3.8103361609247743,
        -3.508931600351262,
        -3.2301185799609686,
        -2.6573630215056268
    ],
    "pct_std": [
        4.988583359077505,
        5.017919637069099,
        5.126305625795938,
        5.241687457436093,
        5.374799755292123,
        5.525354313844315,
        5.597712525702269,
        5.675860359474845,
        5.761683441788938,
        5.821068498544016,
        5.816399370831138,
        5.859716012259122,
        5.912127369305858,
        5.906419710629295,
        5.898464285049858,
        5.883938815235442,
        5.895411060482524,
        5.898028568630745,
        5.914099011705598,
        5.977073913772419,
        6.034896415375465,
        6.094765321270244,
        6.111825114771919,
        6.062344528307113,
        6.1045123139478745,
        6.14484017254798,
        6.177512910099827,
        6.229291873202119,
        6.2358523776698185,
        6.234266091391392,
        6.291998045044972,
        6.3157700441864,
        6.357660177559547,
        6.4193834821365705,
        6.3976028478116245,
        6.47614166661952,
        6.47942279956111,
        6.443193467709849,
        6.435393172059464,
        6.411998722431901,
        6.406823015267164,
        6.4434946795292625,
        6.466070750509947,
        6.524160780726484,
        6.640247474870457,
        6.7773685717579495,
        6.931161919139363,
        7.142734931219384
    ]
}