{
    "num_inputs": 245,
    "num_outputs": 48,
    "num_layers": 5,
    "layer_space": "linear",
    "epoch_size": 1692,
    "epochs": 10,
    "pct_avg": [
        3.1060588272577094,
        3.2073629775280876,
        3.232349190684388,
        3.002854456986838,
        3.1168971563973566,
        2.896865029276644,
        2.9772260102028705,
        2.9736695419347523,
        2.5381006271200186,
        2.820566336219279,
        2.6913461793348294,
        2.4223139731413132,
        1.8655194609035184,
        1.9956467071127144,
        2.2339911205215057,
        2.24888423507289,
        2.3274322385047075,
        2.3086674852037428,
        2.0704010469308245,
        2.0597800710431358,
        1.7566270746944337,
        1.6110430250692722,
        1.5762851035877716,
        -100.0,
        2.393192653034482,
        2.9536470521577947,
        -100.0,
        -100.0,
        2.8300637309341568,
        3.0820793910395867,
        3.2742544216917935,
        3.429453538028341,
        3.082549088083262,
        3.0235838654102296,
        -100.0,
        2.029897492322178,
        1.8502911797397816,
        1.5862736107820625,
        1.4005626541888214,
        1.2410809333819917,
        1.052150671246768,
        -100.0,
        1.494915028783483,
        1.1282591637170842,
        1.016349360646784,
        1.0400828448938004,
        1.2046501779643743,
        0.9507871821692699
    ],
    "pct_std": [
        5.673668467483977,
        5.672538273995388,
        5.716411388359696,
        5.803601568673858,
        5.918979174600656,
        6.001035763294145,
        6.017281707708131,
        6.033843613506046,
        6.038951885228621,
        6.086925378120084,
        6.0953902583104504,
        6.154747339229105,
        6.1536242107063135,
        6.118097444415898,
        6.157100978947678,
        6.2284220257001435,
        6.280332921350986,
        6.29043572645382,
        6.389945264637053,
        6.504669066312266,
        6.572813672196898,
        6.537062006691937,
        6.5834653281002415,
        0.0,
        6.9053459904897965,
        7.116910704507965,
        0.0,
        0.0,
        7.249201111746165,
        7.15372020961606,
        7.065362039943561,
        7.013719800504788,
        6.992568600468618,
        6.990282947160986,
        0.0,
        7.020110307684816,
        7.085098757853968,
        7.0358795314537605,
        6.993677510992377,
        7.068973323788655,
        8.19351342506189,
        0.0,
        7.076255284811101,
        7.161075735490661,
        7.296130422076749,
        7.42985192078516,
        7.681418477736932,
        7.975401891479065
    ]
}