{
    "num_inputs": 245,
    "num_outputs": 48,
    "num_layers": 3,
    "layer_space": "log",
    "epoch_size": 16929,
    "epochs": 10,
    "pct_avg": [
        -0.9769778789445167,
        -0.6283555829997695,
        -0.12126164936429559,
        -0.07049802476889994,
        0.3373309132052533,
        0.36065776776465247,
        -0.2709743465855893,
        -0.2917230183767964,
        -0.772325090812866,
        -1.2595667150981686,
        -1.2131409583118706,
        -1.2698767493506464,
        -1.213564517929648,
        -0.8816916398929582,
        -0.5688910204649481,
        -0.7198079227338264,
        -1.1488192145763625,
        -1.0653829111021678,
        -1.2984631653393806,
        -1.6830354119515791,
        -1.849168008543974,
        -1.699753189368439,
        -2.1061735804046324,
        -0.8955414994441213,
        -0.745078899264936,
        -0.43827322819665937,
        -0.342565965613849,
        -0.3863732810999401,
        0.48842818886600775,
        0.182781017236566,
        0.13649396458034418,
        -0.37832896334229554,
        -0.24603448827420643,
        -0.09655622005921463,
        -0.4654695591569634,
        -0.4491524727206752,
        -0.740410954274668,
        -0.4091413311105639,
        -1.1182326819675923,
        -1.1700360391834435,
        -1.3467888404231798,
        -1.1357635561944384,
        -1.3315781604562789,
        -0.9569130862683338,
        -1.0479865621113993,
        -1.1197035679454057,
        -1.9249928052572414,
        -1.1603760456599737
    ],
    "pct_std": [
        6.590905415657651,
        6.592512966265048,
        6.564200668015604,
        6.648865193808101,
        6.604613182878636,
        6.644516367611316,
        6.741734998269201,
        6.841186789513159,
        6.955913847000999,
        6.982398807090735,
        7.0200909451835605,
        7.043351909699303,
        7.092468458052171,
        7.1938563259546475,
        7.260782639111395,
        7.319560069485686,
        7.3661352407573935,
        7.346133892585539,
        7.367340216572687,
        7.334010052668487,
        7.290922203963844,
        7.244055252652154,
        7.321917796118211,
        7.312133272343393,
        7.3315627405778345,
        7.442208229102671,
        7.5049448254345075,
        7.5897843773609015,
        7.664103760172102,
        7.646241632100017,
        7.7169730291480505,
        7.813750985908047,
        7.794525174667722,
        7.787286267006281,
        7.703930321695881,
        7.721401053304798,
        7.66944494633753,
        7.662092006968729,
        7.701978553074151,
        7.679812885437306,
        7.736394947592813,
        7.722443758163853,
        7.703494679680145,
        7.615533727212516,
        7.592252265312821,
        7.644404619571965,
        7.750618011386548,
        7.928100068574289
    ]
}