{
    "num_inputs": 245,
    "num_outputs": 48,
    "num_layers": 4,
    "layer_space": "linear",
    "epoch_size": 8464,
    "epochs": 20,
    "pct_avg": [
        -0.0998725452191524,
        -0.22505461722303308,
        -0.291881020033766,
        0.00836310289988502,
        -100.0,
        -1.527590609739411,
        -1.4946476310157124,
        -100.0,
        -1.195693205852443,
        -100.0,
        0.10344153302328399,
        -100.0,
        1.5352448788185489,
        1.9326637544567185,
        1.792742088625616,
        1.8637831187464364,
        1.9262911280192199,
        2.1734362951891555,
        1.73784810973981,
        0.8654593853351434,
        -100.0,
        1.0787979779234251,
        0.9014955387473353,
        0.32938858027604345,
        0.20440921103497492,
        0.24097022361930542,
        0.08267714645587274,
        -0.2929864807829749,
        -0.3956710998158649,
        -0.7322462709592913,
        -1.1136440219281682,
        -0.8402973720527441,
        -0.3034352855727897,
        -0.22530862348834957,
        -100.0,
        -0.09794239882667632,
        0.6468752929297039,
        1.7815748968967058,
        1.8480968723602444,
        1.8680839414202655,
        1.8709180274834438,
        1.7132804190987787,
        0.9744110937980542,
        1.1570656582091388,
        0.8261337420291699,
        0.45947659204647817,
        0.3934345983474379,
        -0.07543915891279002
    ],
    "pct_std": [
        5.105007719048945,
        5.138898049895132,
        5.202991178426265,
        5.268590649973206,
        0.0,
        5.322172510968333,
        5.3928150128332515,
        0.0,
        5.570112689244245,
        0.0,
        5.689143548696971,
        0.0,
        5.7958929791350755,
        5.819580100383511,
        5.82147001427695,
        5.81692761992579,
        5.847164430240601,
        5.88308570518193,
        5.872928351511132,
        5.873398812890355,
        0.0,
        5.99381193942246,
        5.98107567084276,
        5.929187949513946,
        5.955036593705018,
        6.023961828303538,
        6.016978685159176,
        6.027637851759181,
        6.084716165560513,
        6.070917597480455,
        6.0705816455930535,
        6.115309801082378,
        6.218504581071358,
        6.289799901742803,
        0.0,
        6.368469258192202,
        6.408472509232469,
        6.47508168890779,
        6.494063047674456,
        6.508513336176891,
        6.531911849561869,
        6.520452393966207,
        6.493189042589552,
        6.594442571800514,
        6.722762906038106,
        6.845072632901003,
        7.001427053113988,
        7.15781392151579
    ]
}
