{
    "num_inputs": 245,
    "num_outputs": 48,
    "num_layers": 3,
    "layer_space": "linear",
    "epoch_size": 33859,
    "epochs": 10,
    "pct_avg": [
        444.67610605615965,
        427.15984591541957,
        433.2810062404526,
        397.8523584238703,
        425.15929025305695,
        467.6301227364528,
        557.8184218069212,
        564.4377423073952,
        709.5175016121356,
        729.7567923486259,
        966.5535580751014,
        978.8985647201574,
        1208.2349991922754,
        1267.285960434886,
        1505.577490674972,
        1498.9703375438316,
        1673.989068380935,
        1676.7188307810825,
        1772.6226737217755,
        1702.7921810750236,
        1702.5808768759,
        1659.37633172143,
        1624.3756858955226,
        1600.0733010067356,
        1547.9903472110896,
        1547.621962507532,
        1488.4168326772785,
        1477.89880894183,
        1452.7018337371128,
        1484.0669341045575,
        1411.0240382821478,
        1452.5143477379515,
        1364.6672420821797,
        1429.875997695839,
        1383.3510584661947,
        1375.423519099744,
        1293.7898568640408,
        1340.9552735840434,
        1220.4054968385099,
        1230.885647370116,
        1021.1733891728576,
        1057.738251208155,
        795.6601532111357,
        815.0946443878416,
        592.7228763000502,
        542.6932676491325,
        394.16609145264994,
        453.82215692659497
    ],
    "pct_std": [
        570.9158705153994,
        569.0525746065738,
        586.8274177797899,
        577.8823402802582,
        632.8570842801211,
        661.074336379293,
        788.4880095075728,
        810.4415398232558,
        993.2043387187318,
        1042.6805472642561,
        1288.760221468679,
        1330.715932613528,
        1562.757177287203,
        1621.2944245126635,
        1825.8144443778317,
        1809.5270925490536,
        1928.6000894212257,
        1896.2032777405316,
        1892.2567189809592,
        1809.7742307390693,
        1722.9700977262191,
        1644.9043221253573,
        1535.3462753289525,
        1478.3316150865032,
        1367.939816433104,
        1347.7769351125362,
        1296.1784191127965,
        1293.5568133919876,
        1262.5833839997445,
        1296.220148174012,
        1280.4754280462657,
        1316.3191320162698,
        1303.8010065835288,
        1360.8353358838685,
        1338.2539186603187,
        1392.0817754306786,
        1347.3231854853304,
        1385.898851816637,
        1278.100276221643,
        1289.8980198634263,
        1097.016391382601,
        1092.5935614892903,
        863.1475557825473,
        850.7219523016347,
        657.6988602973106,
        616.8741847959745,
        508.97701525213273,
        487.07189128571565
    ]
}