{
    "num_inputs": 245,
    "num_outputs": 48,
    "num_layers": 2,
    "layer_space": "log",
    "epoch_size": 16929,
    "epochs": 10,
    "pct_avg": [
        -0.5969442530979979,
        -0.6429726850677878,
        -0.9318507869167515,
        -0.7003654868437978,
        -1.0688460111835372,
        -0.7703706505496629,
        -0.5047318842729682,
        -0.7410554742207399,
        -1.0572625312481299,
        -0.6567321995804172,
        -0.641438431392471,
        -0.4556860345089843,
        -0.6316196749110335,
        -0.7228984383420533,
        -0.43317147111413795,
        -0.5776009495201443,
        -0.545261384951917,
        -0.8737265595790764,
        -0.8003876422593522,
        -0.23349083300701634,
        -0.42680090264434545,
        0.06993000490133583,
        -0.3125115517959549,
        0.11790070750321409,
        0.19752167567811638,
        0.02403480881951781,
        0.12241403768959608,
        -0.33332235039806046,
        -0.1798403414005908,
        -0.012745163184368163,
        -0.44319007000514,
        -0.6726567716636835,
        -0.7939642274754849,
        -0.08694273471840773,
        0.4660789792210403,
        0.008894409113592515,
        -0.1028865076994334,
        -0.33779192389270263,
        -0.09124026238553971,
        -0.5344494880791536,
        -0.7374496201566098,
        -0.9398803886667884,
        -0.965065459671164,
        -1.1882831793254125,
        -0.9532399083742242,
        -0.880352407936261,
        -1.324546406683254,
        -0.7968102275230975
    ],
    "pct_std": [
        7.163131061998111,
        7.438673045089691,
        7.422101297320287,
        7.524286981601726,
        7.49847221266388,
        7.640121934072449,
        7.713588418373549,
        7.8326992032742915,
        7.831153821888648,
        7.837047126954472,
        7.848815998757284,
        7.944256889632824,
        8.045691136034355,
        8.110718174221168,
        8.114013069466866,
        8.072284761956906,
        8.13759284554625,
        8.18435052815973,
        8.286875750206276,
        8.366257844034184,
        8.402673456325655,
        8.430385504967697,
        8.39881724525437,
        8.608109313442272,
        8.728107306823725,
        8.808840196016307,
        8.821296404785803,
        8.866208765258149,
        8.905802518136753,
        8.896815427449347,
        8.887157815575987,
        8.985235884558627,
        9.00670332160684,
        8.979033246934282,
        8.976672404168642,
        8.918493864776167,
        8.966352878519722,
        8.960284275548906,
        8.954006082605417,
        8.8714179846932,
        8.83380059697099,
        8.872183671920405,
        9.002819888362271,
        9.045753804460169,
        9.165356275497397,
        9.208057408757368,
        9.307561861895296,
        9.38558242703174
    ]
}