{
    "num_inputs": 245,
    "num_outputs": 48,
    "num_layers": 5,
    "layer_space": "linear",
    "epoch_size": 16929,
    "epochs": 10,
    "pct_avg": [
        2.9896440760118717,
        4.758546529945736,
        4.494447788170434,
        4.68006496342005,
        3.2906548136825564,
        2.3776520787288784,
        -100.0,
        0.46787323105340406,
        0.6961499625037285,
        0.40895973913531053,
        0.658640302144151,
        0.7953324187186878,
        0.8974777623948907,
        1.2223950924503473,
        1.7717625591438952,
        1.676860833081561,
        -100.0,
        1.2836026658679727,
        1.2771602290688822,
        1.2742939906411708,
        1.6001458409977465,
        2.1505645151443002,
        -100.0,
        2.7817229685425233,
        2.8624329102542556,
        2.964044772618891,
        2.7701705882540697,
        -100.0,
        2.1507292719084536,
        -100.0,
        -0.06146863206101075,
        0.007710752738671515,
        -0.36880893690219096,
        -1.0825608817482217,
        -1.0837238696051548,
        -100.0,
        -0.5294553540909799,
        0.5103660733569113,
        0.29067657275842357,
        0.08908791228982776,
        0.09487933459100907,
        -0.233379879446241,
        -100.0,
        -0.66925245839206,
        -0.6259330488598859,
        -0.18008032457238757,
        0.16176281524944447,
        0.1296653077529964
    ],
    "pct_std": [
        7.357283668788841,
        7.520911815741689,
        7.506054189551184,
        7.578999002540497,
        7.493675606800567,
        7.589641373841634,
        0.0,
        7.601895238661828,
        7.64944542306004,
        7.471764345010552,
        7.263590380505326,
        7.2405007599530595,
        7.240823963584817,
        7.293341960041123,
        7.360733487386445,
        7.362974802256219,
        0.0,
        7.390737117425014,
        7.420649768148255,
        7.543597899357325,
        7.616318712471202,
        7.70972759761519,
        0.0,
        7.8742596982221364,
        8.007092106901398,
        8.184060220283676,
        8.22037655735345,
        0.0,
        8.216582542103,
        0.0,
        8.116897261718108,
        8.082603261826197,
        8.057585588721329,
        7.863713454049151,
        7.741432633209764,
        0.0,
        7.603437671642951,
        7.611580724032723,
        7.591717685399041,
        7.620582518484451,
        7.664204619025739,
        7.6485572287570776,
        0.0,
        7.703911622189645,
        7.8280335957986615,
        7.976909382283773,
        8.13563864496268,
        8.360114240327784
    ]
}