{
    "num_inputs": 245,
    "num_outputs": 48,
    "num_layers": 2,
    "layer_space": "log",
    "epoch_size": 33859,
    "epochs": 10,
    "pct_avg": [
        3920.260012905875,
        3905.4765434996016,
        4016.6278032783366,
        3991.7888500564773,
        4258.663779351323,
        4288.528021105554,
        4752.64081927523,
        4807.628237635891,
        5478.072274909658,
        5520.123289992683,
        6300.935786810519,
        6345.3742275544755,
        7290.053703155213,
        7306.701397779646,
        8255.093906413313,
        8266.02441173538,
        9276.204446949818,
        9232.476624953266,
        10072.44680193638,
        10033.063375585205,
        10699.088042458654,
        10689.488950096107,
        11030.622788688188,
        10972.097974846296,
        11194.843127981814,
        11163.817614166892,
        11020.277212086228,
        11027.261336809966,
        10610.273884319116,
        10630.613752601454,
        10057.890042483486,
        10060.616145263431,
        9269.012266218568,
        9299.120663795753,
        8368.716412988348,
        8381.10078235853,
        7373.98344260806,
        7375.99176524619,
        6363.743733629128,
        6365.391245971186,
        5476.949535148963,
        5474.702311001959,
        4710.044439756997,
        4688.384234207223,
        4145.088679048902,
        4136.9184770651045,
        3767.669920321335,
        3784.440594044356
    ],
    "pct_std": [
        600.9681930908225,
        603.2705660779204,
        665.8371709986026,
        705.4187340083049,
        837.6021606890458,
        919.5724600172788,
        1113.102453674215,
        1225.240397673726,
        1471.8583749089453,
        1602.3996065812537,
        1873.9908755570043,
        1998.3348995219824,
        2272.972265868518,
        2369.146778635504,
        2599.2063421092516,
        2634.4174824059446,
        2799.997365180912,
        2759.0218342991498,
        2810.534501389711,
        2692.8536821642874,
        2630.52033336963,
        2461.853808765608,
        2301.4650618550004,
        2109.282527877931,
        1950.543566371753,
        1817.7633213192698,
        1715.9683672797696,
        1698.3315962800907,
        1677.034161567919,
        1749.2517361121963,
        1749.217540763578,
        1844.527699079383,
        1787.2227236826259,
        1880.8526121414864,
        1742.2618843183209,
        1810.4519221983473,
        1610.7894748030874,
        1649.2654546601905,
        1426.6499910831747,
        1446.0085344488946,
        1235.281066932086,
        1230.9810372187499,
        1054.405555729565,
        1028.1570758590758,
        906.3011009074488,
        878.4370395859428,
        800.568309067671,
        781.8062631499818
    ]
}