{
    "num_inputs": 245,
    "num_outputs": 48,
    "num_layers": 3,
    "layer_space": "linear",
    "epoch_size": 8464,
    "epochs": 10,
    "pct_avg": [
        -3.250409747577836,
        -3.137351346607348,
        -3.04058063796062,
        -2.7402971092916637,
        -2.7242268310934206,
        -2.981754797615712,
        -3.0662751993741058,
        -2.5741579221968673,
        -2.6188572266022794,
        -2.303370155488339,
        -2.3368155148243406,
        -2.332092342139126,
        -2.396411321805791,
        -2.056552548651265,
        -2.446717564246784,
        -2.7276554045238837,
        -2.7607963747893707,
        -2.9237146907005367,
        -3.1507325850574106,
        -2.9747565407988845,
        -3.0631479747774857,
        -3.2396900109417657,
        -2.835635430920561,
        -2.545459805608937,
        -2.115392725780239,
        -2.060550966550919,
        -2.5825612479582,
        -2.223686615386353,
        -2.213671960245821,
        -1.9506724475849424,
        -1.9767691006046932,
        -1.8575054860685924,
        -2.185157018231131,
        -2.062269858779115,
        -1.929475089033822,
        -1.8967503320164438,
        -2.2631952584552617,
        -1.8750822702692025,
        -2.217939746837145,
        -1.8787930374423316,
        -1.856192979376512,
        -2.167779658542736,
        -1.9906536200857845,
        -2.209097236353843,
        -2.191446175108257,
        -2.1517623820234846,
        -2.038979134288371,
        -2.1492692837349994
    ],
    "pct_std": [
        5.838713035137968,
        5.856282195821172,
        5.884829867200242,
        5.907420695348398,
        5.937705132226946,
        5.9927188702920375,
        6.050430475657919,
        6.121153717204788,
        6.172097231360138,
        6.135045841856965,
        6.144810147889708,
        6.151204215565043,
        6.221222349345395,
        6.259249979573486,
        6.315195378455016,
        6.32384367291944,
        6.40967827960049,
        6.474936873871573,
        6.556323172100577,
        6.692985856718146,
        6.779158882730725,
        6.824820443073767,
        6.831819762739315,
        6.804425787028511,
        6.876588861475887,
        6.921873756391797,
        6.927213111391877,
        6.964362363512346,
        6.983583641203627,
        7.009388022723148,
        6.9758914453466305,
        6.98958869298693,
        7.0289987681408865,
        7.012459144371582,
        7.022404555486577,
        7.0037152221939785,
        7.009547712271436,
        7.001427022993264,
        7.000145359975918,
        6.954303890400846,
        6.981423326167684,
        7.038238713447565,
        7.098025087142277,
        7.271691048123914,
        7.417636515501769,
        7.548161168359688,
        7.735183713611324,
        7.956831153222949
    ]
}