{
    "num_inputs": 245,
    "num_outputs": 48,
    "num_layers": 2,
    "layer_space": "linear",
    "epoch_size": 33859,
    "epochs": 10,
    "pct_avg": [
        2816.965851375752,
        2777.245397374466,
        2598.633777023394,
        2585.9504524910426,
        2554.270099972852,
        2540.417556157775,
        2697.546820117827,
        2714.9271395773153,
        2907.9274750372733,
        2950.7117041525203,
        3334.1758754254815,
        3386.0233971634702,
        3790.6754045987063,
        3851.447966814305,
        4305.674352564606,
        4342.659554542491,
        4846.217523802786,
        4777.906611047418,
        5280.480745721416,
        5239.023878300356,
        5715.628679676128,
        5674.288516827538,
        6111.93871545068,
        6043.079752930073,
        6404.2579871961225,
        6418.86841891354,
        6672.29239235468,
        6697.92057609076,
        6894.4237509594195,
        6924.09119218999,
        6967.620183662306,
        6985.133227863358,
        6899.300119959125,
        6965.690685887748,
        6690.633076293895,
        6723.462630628843,
        6256.187217353172,
        6292.874101343288,
        5760.505630416903,
        5750.555700764288,
        5123.439210700816,
        5146.713773132278,
        4436.021557118803,
        4411.578181834886,
        3752.0825733097445,
        3743.340095397188,
        3155.9739712231926,
        3165.107603042162
    ],
    "pct_std": [
        1051.0938068575406,
        1005.0984588418319,
        1142.4360083001347,
        1142.0312679553294,
        1318.83317139285,
        1345.3743349746098,
        1525.7453006457997,
        1584.1565356553315,
        1781.42661640796,
        1879.1114428574879,
        2116.5909852558857,
        2228.5477109102367,
        2441.1800484289565,
        2532.2762342793117,
        2696.4999309191894,
        2728.1172390080433,
        2799.120359868059,
        2718.1705100524237,
        2710.3041396189983,
        2581.3639931912626,
        2488.817976389061,
        2334.8532454842757,
        2193.405965170328,
        2038.0382872708226,
        1888.0281228833771,
        1800.1256084953695,
        1695.6996061500186,
        1699.220876076582,
        1664.357212401116,
        1761.9880790652035,
        1766.8392851369713,
        1908.9501992141988,
        1903.343591608689,
        2058.066407338649,
        2008.2659214873945,
        2130.894924971476,
        2002.7550542445454,
        2081.875613820023,
        1928.8963346777414,
        1939.850788246632,
        1754.298933101728,
        1724.7066410863604,
        1535.8344701053825,
        1466.2254568067012,
        1321.5257097075876,
        1238.253659408936,
        1156.9377836206074,
        1088.5869939500662
    ]
}