{
    "num_inputs": 245,
    "num_outputs": 48,
    "num_layers": 5,
    "layer_space": "log",
    "epoch_size": 16929,
    "epochs": 10,
    "pct_avg": [
        2.9768086564584153,
        3.2921213654297885,
        -100.0,
        3.6888520491158228,
        2.715286927538147,
        2.1897015324185367,
        -100.0,
        2.5437624995012,
        2.0969947107930826,
        2.223870485290482,
        3.054658860943552,
        3.50931410367743,
        4.116166278884978,
        4.351591350336468,
        3.960233661197901,
        3.523518548987957,
        3.8999913646533573,
        3.8163977969833702,
        3.6041075109235146,
        -100.0,
        1.9995377001446923,
        1.719218147049492,
        1.8381402407500171,
        1.6420688116394306,
        2.1140344439067627,
        1.8795668929014915,
        2.161650517679587,
        2.5130175495339926,
        2.84792529928873,
        3.315307414806652,
        2.570676813958948,
        2.666994663031414,
        2.33299015462732,
        3.189633380933282,
        3.84287027285193,
        3.904433631610791,
        3.9705976582063798,
        4.418790392821062,
        4.019904357848546,
        3.482558270159349,
        2.9329332467620417,
        2.805942284288769,
        1.8903594278670144,
        1.2190723135636852,
        0.47379958409421763,
        -0.22506174339854013,
        -0.08719583232236328,
        1.288666490110926
    ],
    "pct_std": [
        7.3432773719593785,
        7.1789695300623215,
        0.0,
        6.882366653963756,
        6.625351858045676,
        6.545174881281962,
        0.0,
        6.6772469582958545,
        6.711289073123601,
        6.812934521864226,
        7.074834072262351,
        7.350752169599366,
        7.526343419614844,
        7.642082449106954,
        7.643392527391839,
        7.749861134904568,
        7.891684770142105,
        7.955806950633311,
        8.081470408052299,
        0.0,
        8.22569689665969,
        8.17508208073578,
        8.079646070960587,
        7.966537923336268,
        7.98743764423267,
        7.873954024969804,
        7.839070858748328,
        7.748819996391911,
        7.732708143594148,
        7.711777510215815,
        7.642609131002404,
        7.664958408539352,
        7.645546630605531,
        7.671701940249385,
        7.775946726109054,
        7.872965518073859,
        7.9048332022226635,
        7.90127780672731,
        7.832394393063604,
        7.848250229127988,
        7.91871447985046,
        8.102106195802468,
        8.125921742065202,
        8.236946300932981,
        8.308107194095973,
        8.307491889565737,
        8.382422778313089,
        8.593747239167557
    ]
}