{
    "num_inputs": 245,
    "num_outputs": 48,
    "num_layers": 3,
    "layer_space": "log",
    "epoch_size": 33859,
    "epochs": 10,
    "pct_avg": [
        1677.104464535151,
        1584.699364260609,
        1711.3443658828467,
        1753.9357755450192,
        2083.85430149844,
        2111.770870595204,
        2827.362572388537,
        2843.8744963476624,
        3892.880878544529,
        3915.7910375735364,
        4964.78007393955,
        5088.395520069063,
        5919.870731983681,
        6221.436519796323,
        7403.636771323034,
        7343.256350558646,
        8314.843377389127,
        8269.028086877854,
        8954.17772721288,
        8889.812954649427,
        9313.507073569253,
        9186.36790995693,
        9209.463960901463,
        9146.790369128306,
        9026.336831342782,
        9046.45066101455,
        8890.76948472186,
        8913.002155293228,
        8560.613057957318,
        8588.25722782501,
        8150.715307371312,
        8164.9441857916445,
        7518.253668361436,
        7569.4503608499945,
        6783.825674878312,
        6868.115364284536,
        5864.8630106668315,
        5932.616435859938,
        5007.06905549081,
        4901.500962244474,
        4054.5834373350453,
        3943.9931972850445,
        3066.3029635930498,
        3061.4505043466656,
        2357.051047440245,
        2385.233664869081,
        1824.2194452051365,
        1768.5137472647702
    ],
    "pct_std": [
        823.017902520275,
        785.5149224379018,
        949.6119337746634,
        954.9027580298095,
        1199.8635334475678,
        1232.96763282304,
        1558.6590451659758,
        1633.260435583818,
        2071.600806520775,
        2197.4523042131427,
        2688.7262749614215,
        2829.749949903396,
        3226.304979160867,
        3398.10773005273,
        3857.1401422177114,
        3840.9319219092026,
        4095.5482036817975,
        3963.034634067353,
        3992.696845931853,
        3803.0156811348265,
        3629.5531378067535,
        3375.695958802081,
        3056.2442189997582,
        2839.5629003791237,
        2561.471152502203,
        2459.9592383691847,
        2301.874423101591,
        2389.191344603183,
        2335.416418147006,
        2510.794926945151,
        2485.5152846978126,
        2664.4578428819596,
        2531.4241540121316,
        2660.8138056354746,
        2425.0756371425027,
        2522.414153884186,
        2170.4719632503898,
        2213.6960206668045,
        1846.601032420176,
        1800.9379911083877,
        1467.2577159583802,
        1394.4348470922705,
        1123.9594489288438,
        1048.4338399413948,
        882.2170912563614,
        827.5984795249908,
        784.1291605570635,
        718.3277531362253
    ]
}