{
    "num_inputs": 245,
    "num_outputs": 48,
    "num_layers": 3,
    "layer_space": "log",
    "epoch_size": 8464,
    "epochs": 10,
    "pct_avg": [
        -0.929020048802889,
        -0.6076427361098299,
        -0.46128768286293603,
        -0.023711643889131093,
        0.3617611346424594,
        0.6840381666121137,
        0.9083745965377236,
        0.9019569292289084,
        0.5074639495452509,
        0.38613755339791755,
        -0.3375856044703308,
        -0.240742028534974,
        -0.7163095127721556,
        -0.9493063071201153,
        -1.1192786975345397,
        -1.5726891836434445,
        -1.445633624975794,
        -1.5156006612869528,
        -100.0,
        -1.3451625401100424,
        -1.2932273840070654,
        -0.5793100251424322,
        -0.4305305871145221,
        -0.4652982610421909,
        -0.08065046131587138,
        0.04749384841690721,
        0.03816370760031828,
        0.8169092591460401,
        1.0275760308593744,
        1.188070892385337,
        1.0083247747418658,
        0.9824018219361896,
        0.9172395241875203,
        0.5942103459720846,
        0.17067649830722656,
        0.2029085357057773,
        0.11038115421079335,
        -0.07235509642670905,
        -0.6150693466253666,
        -1.3490614500112446,
        -1.552096013382444,
        -100.0,
        -0.6877005359584919,
        -1.0530821702360351,
        -0.7710916232569063,
        -0.542220455090559,
        -0.1269933963180765,
        -0.14828829558937853
    ],
    "pct_std": [
        5.431023493171739,
        5.484874282713768,
        5.593892383853924,
        5.6739227734949305,
        5.776427333674028,
        5.9009715155349,
        5.991934605213205,
        6.0247587569821075,
        5.999622997218811,
        6.000403867943451,
        5.995636617622455,
        6.077729083324831,
        6.183168434717312,
        6.298509051770007,
        6.397494973739044,
        6.470602139611884,
        6.506114906913074,
        6.558758253839854,
        0.0,
        6.571275996222735,
        6.628070511937456,
        6.7132719459861026,
        6.711802835663956,
        6.7216232006395344,
        6.787398758467857,
        6.846119300775381,
        6.855090761924609,
        6.944308161434515,
        6.988629990333322,
        7.0562771515812805,
        7.065041889900309,
        7.050687737818898,
        7.013641840376695,
        6.9880515320350085,
        6.965919165905098,
        7.013677262644664,
        7.072281882662226,
        7.144692914831228,
        7.205673413301099,
        7.2658459804168825,
        7.295691206478324,
        0.0,
        7.287654354232141,
        7.225193393698847,
        7.313666273944799,
        7.484861671361783,
        7.684502995002997,
        7.875231813365178
    ]
}