{
    "num_inputs": 245,
    "num_outputs": 48,
    "num_layers": 4,
    "layer_space": "linear",
    "epoch_size": 1692,
    "epochs": 20,
    "pct_avg": [
        -1.4879658624871783,
        -1.5973354342437474,
        -1.6452177648174537,
        -1.7866541105652323,
        -1.7640513805139848,
        -1.445769533008672,
        -1.3047462305952429,
        -1.310396759149686,
        -1.109071342667356,
        -1.3502502174612585,
        -1.614353962829089,
        -1.7708156215749127,
        -1.7071069791978934,
        -1.695479355317229,
        -2.266055563373013,
        -3.021231449424189,
        -2.9870031372075783,
        -2.821165270305825,
        -2.7554749154728615,
        -2.6847987101142867,
        -2.0004957713789353,
        -1.6132478269362387,
        -1.314555513235492,
        -0.9503574181665515,
        -0.9045742889347524,
        -0.7894787878286963,
        -1.0632828468960425,
        -1.3807902948723814,
        -1.7079209238384903,
        -1.7437980764819059,
        -1.4793403986178897,
        -1.6002850049821868,
        -1.476859350796402,
        -1.3115081572975325,
        -1.5412947075184853,
        -1.6281389745316057,
        -1.800701981366166,
        -2.104022472401729,
        -2.52261204459317,
        -2.930648695809098,
        -2.743817571198125,
        -2.7394505862961105,
        -2.2952526265330544,
        -100.0,
        -1.8259277833633136,
        -1.78981383458107,
        -1.1968280882145264,
        -1.2637408804979349
    ],
    "pct_std": [
        5.145068483446403,
        5.124318839878244,
        5.207703013472981,
        5.320554228687615,
        5.461211242700424,
        5.574871242860359,
        5.582645073118658,
        5.614537766041255,
        5.684753231376628,
        5.6367072548632855,
        5.626569982853842,
        5.613919090716284,
        5.600848580647182,
        5.5744070834429325,
        5.570558112647637,
        5.585482342513056,
        5.581745431486638,
        5.5929004852445106,
        5.670328938660903,
        5.695899344168176,
        5.755927626627503,
        5.8124840926716725,
        5.7958055679839555,
        5.817782947581751,
        5.850817243640677,
        5.947765907577406,
        6.0200396310075,
        6.059145831737764,
        6.082786920927815,
        6.09334839201149,
        6.068412691881969,
        6.098295854125409,
        6.16459992385941,
        6.1879365649824445,
        6.159009872651561,
        6.1864076363607845,
        6.125680750325663,
        6.054201275113841,
        6.06588899789659,
        6.086278545523026,
        6.155326365283607,
        6.19638746135424,
        6.310584789860866,
        0.0,
        6.515040588776017,
        6.67939100636592,
        6.927222292147048,
        7.205916587885488
    ]
}
