{
    "num_inputs": 245,
    "num_outputs": 48,
    "num_layers": 5,
    "layer_space": "log",
    "epoch_size": 8464,
    "epochs": 10,
    "pct_avg": [
        0.5119025837182741,
        0.19451906123247778,
        -0.11902727850771097,
        -0.6554807017169998,
        -100.0,
        -1.1759122953629975,
        -0.7487731394357415,
        -0.15515432497997972,
        -0.5816027416098849,
        -0.3167797734652895,
        -0.19441136469685147,
        -0.35137229399298475,
        -0.7902531962486227,
        -0.3743819518061445,
        -0.8902301163742021,
        -0.5426056072355213,
        -0.48871392111252654,
        -100.0,
        -100.0,
        1.214310817587573,
        -100.0,
        -100.0,
        -100.0,
        1.0662169345287258,
        0.2715192154040495,
        -0.5979284961855484,
        -0.7544776292525777,
        -1.0202159616830515,
        -1.032481089146543,
        -0.8602950987138142,
        -1.2513044869099073,
        -0.47304272205238873,
        -100.0,
        0.6355734991567039,
        -100.0,
        0.9463718707725038,
        1.2997755151508046,
        1.13500345951233,
        0.8030638579105438,
        1.0259231491540313,
        -100.0,
        0.4892866425880707,
        1.0858652545043928,
        1.326897938333681,
        1.6874044175331018,
        -100.0,
        1.4856296047375648,
        1.9101922871585046
    ],
    "pct_std": [
        5.5406058282396105,
        5.545632583069074,
        5.570116293007793,
        5.670764157935531,
        0.0,
        5.619163315607708,
        5.626089356986186,
        5.700419090685036,
        5.680161694016443,
        5.762480557685789,
        5.81743169709625,
        5.853820066349643,
        5.850599168772838,
        5.984701895288432,
        6.028978231601689,
        6.0866546440878,
        6.156132670332534,
        0.0,
        0.0,
        6.313075559477323,
        0.0,
        0.0,
        0.0,
        6.387931270425953,
        6.2877977681388195,
        6.259178901937268,
        6.286778663053268,
        6.340821452900344,
        6.325152245063336,
        6.335937409872954,
        6.304933207951266,
        6.395899505054273,
        0.0,
        6.561809219714742,
        0.0,
        6.6129951616850935,
        6.650536156712742,
        6.741072708018531,
        6.677400211378975,
        6.722430089301521,
        0.0,
        6.782490604808228,
        6.832692955410031,
        6.867287019889384,
        7.03858408499271,
        0.0,
        7.380525483910433,
        7.638548604552459
    ]
}