{
    "num_inputs": 245,
    "num_outputs": 48,
    "num_layers": 5,
    "layer_space": "log",
    "epoch_size": 1692,
    "epochs": 10,
    "pct_avg": [
        1.8339563820559395,
        2.2134611527436117,
        2.369105762323794,
        2.2644683323583883,
        2.312137120991568,
        1.9998806243867475,
        2.1680599712106337,
        1.615052480506511,
        -100.0,
        0.5436330257376859,
        -100.0,
        0.5609174418126487,
        1.0389204643015744,
        1.1726812988342166,
        0.9959992060688376,
        -100.0,
        -100.0,
        0.9736490092335939,
        1.1110457395943554,
        -100.0,
        -100.0,
        1.2254143738162449,
        1.3236816059826209,
        -100.0,
        0.8984199845350714,
        0.5103512872834322,
        1.0001368107581186,
        0.6308806233316644,
        0.5770745459259009,
        -100.0,
        0.6051352687133943,
        -0.024142545209725218,
        -0.039723038862706526,
        -0.22849806741641615,
        -0.4231631180927774,
        -0.288909075516654,
        -0.3484810844778637,
        -0.5712721409821759,
        -0.7795686174245191,
        -100.0,
        -0.7334619266984279,
        -0.5943120808750225,
        -0.3854858481558247,
        -0.40497016772679495,
        -0.35128941896343746,
        -0.0007781593787091894,
        -0.33628350425635917,
        -0.5714229183825541
    ],
    "pct_std": [
        6.23544366523664,
        6.102139483875742,
        6.160666913307072,
        6.256313673967639,
        6.418766644844524,
        6.55803584614591,
        6.762927680879212,
        6.808816178272761,
        0.0,
        6.887967516345448,
        0.0,
        6.917695747800975,
        7.023282598733783,
        7.13636254240098,
        7.2282613464260965,
        0.0,
        0.0,
        7.518114347696445,
        7.57449479959401,
        0.0,
        0.0,
        7.448544422980184,
        7.330268350685639,
        0.0,
        7.187632162899024,
        7.2018432720802945,
        7.269668101916457,
        7.244165655462382,
        7.296768574424805,
        0.0,
        7.318944710193477,
        7.197400350382314,
        7.247149272058497,
        7.190458262572412,
        7.170152845334202,
        7.194514937452276,
        7.235927995711231,
        7.296983870581003,
        7.329744259577653,
        0.0,
        7.358829582146351,
        7.351199948307558,
        7.411812667918521,
        7.526646749244647,
        7.65907508254453,
        7.82012020975095,
        8.013881391858208,
        8.245324194689392
    ]
}